Component,Origin,License,Copyright
core,dario.cat/mergo,BSD-3-Clause,Copyright (c) 2012 The Go Authors. All rights reserved | Copyright (c) 2013 Dario Castañé. All rights reserved
core,github.com/BurntSushi/toml,MIT,Copyright (c) 2013 TOML authors
core,github.com/BurntSushi/toml/internal,MIT,Copyright (c) 2013 TOML authors
core,github.com/CycloneDX/cyclonedx-go,Apache-2.0,Copyright & License | Copyright (c) OWASP Foundation | Copyright (c) OWASP Foundation. All Rights Reserved | Copyright OWASP Foundation
core,github.com/DataDog/jsonapi,Apache-2.0,"Copyright [2022-Present] Datadog, Inc"
core,github.com/Masterminds/semver/v3,MIT,"Copyright (C) 2014-2019, Matt Butcher and Matt Farina"
core,github.com/Microsoft/go-winio,MIT,Copyright (c) 2015 Microsoft
core,github.com/Microsoft/go-winio/internal/fs,MIT,Copyright (c) 2015 Microsoft
core,github.com/Microsoft/go-winio/internal/socket,MIT,Copyright (c) 2015 Microsoft
core,github.com/Microsoft/go-winio/internal/stringbuffer,MIT,Copyright (c) 2015 Microsoft
core,github.com/Microsoft/go-winio/pkg/guid,MIT,Copyright (c) 2015 Microsoft
core,github.com/ProtonMail/go-crypto/bitcurves,BSD-3-Clause,Copyright (c) 2009 The Go Authors. All rights reserved
core,github.com/ProtonMail/go-crypto/brainpool,BSD-3-Clause,Copyright (c) 2009 The Go Authors. All rights reserved
core,github.com/ProtonMail/go-crypto/eax,BSD-3-Clause,Copyright (c) 2009 The Go Authors. All rights reserved
core,github.com/ProtonMail/go-crypto/internal/byteutil,BSD-3-Clause,Copyright (c) 2009 The Go Authors. All rights reserved
core,github.com/ProtonMail/go-crypto/ocb,BSD-3-Clause,Copyright (c) 2009 The Go Authors. All rights reserved
core,github.com/ProtonMail/go-crypto/openpgp,BSD-3-Clause,Copyright (c) 2009 The Go Authors. All rights reserved
core,github.com/ProtonMail/go-crypto/openpgp/aes/keywrap,BSD-3-Clause,Copyright (c) 2009 The Go Authors. All rights reserved
core,github.com/ProtonMail/go-crypto/openpgp/armor,BSD-3-Clause,Copyright (c) 2009 The Go Authors. All rights reserved
core,github.com/ProtonMail/go-crypto/openpgp/ecdh,BSD-3-Clause,Copyright (c) 2009 The Go Authors. All rights reserved
core,github.com/ProtonMail/go-crypto/openpgp/ecdsa,BSD-3-Clause,Copyright (c) 2009 The Go Authors. All rights reserved
core,github.com/ProtonMail/go-crypto/openpgp/ed25519,BSD-3-Clause,Copyright (c) 2009 The Go Authors. All rights reserved
core,github.com/ProtonMail/go-crypto/openpgp/ed448,BSD-3-Clause,Copyright (c) 2009 The Go Authors. All rights reserved
core,github.com/ProtonMail/go-crypto/openpgp/eddsa,BSD-3-Clause,Copyright (c) 2009 The Go Authors. All rights reserved
core,github.com/ProtonMail/go-crypto/openpgp/elgamal,BSD-3-Clause,Copyright (c) 2009 The Go Authors. All rights reserved
core,github.com/ProtonMail/go-crypto/openpgp/errors,BSD-3-Clause,Copyright (c) 2009 The Go Authors. All rights reserved
core,github.com/ProtonMail/go-crypto/openpgp/internal/algorithm,BSD-3-Clause,Copyright (c) 2009 The Go Authors. All rights reserved
core,github.com/ProtonMail/go-crypto/openpgp/internal/ecc,BSD-3-Clause,Copyright (c) 2009 The Go Authors. All rights reserved
core,github.com/ProtonMail/go-crypto/openpgp/internal/encoding,BSD-3-Clause,Copyright (c) 2009 The Go Authors. All rights reserved
core,github.com/ProtonMail/go-crypto/openpgp/packet,BSD-3-Clause,Copyright (c) 2009 The Go Authors. All rights reserved
core,github.com/ProtonMail/go-crypto/openpgp/s2k,BSD-3-Clause,Copyright (c) 2009 The Go Authors. All rights reserved
core,github.com/ProtonMail/go-crypto/openpgp/x25519,BSD-3-Clause,Copyright (c) 2009 The Go Authors. All rights reserved
core,github.com/ProtonMail/go-crypto/openpgp/x448,BSD-3-Clause,Copyright (c) 2009 The Go Authors. All rights reserved
core,github.com/bmatcuk/doublestar/v4,MIT,Copyright (c) 2014 Bob Matcuk
core,github.com/cloudflare/circl/dh/x25519,BSD-3-Clause,Copyright (c) 2009 The Go Authors. All rights reserved | Copyright (c) 2019 Cloudflare. All rights reserved
core,github.com/cloudflare/circl/dh/x448,BSD-3-Clause,Copyright (c) 2009 The Go Authors. All rights reserved | Copyright (c) 2019 Cloudflare. All rights reserved
core,github.com/cloudflare/circl/ecc/goldilocks,BSD-3-Clause,Copyright (c) 2009 The Go Authors. All rights reserved | Copyright (c) 2019 Cloudflare. All rights reserved
core,github.com/cloudflare/circl/internal/conv,BSD-3-Clause,Copyright (c) 2009 The Go Authors. All rights reserved | Copyright (c) 2019 Cloudflare. All rights reserved
core,github.com/cloudflare/circl/internal/sha3,BSD-3-Clause,Copyright (c) 2009 The Go Authors. All rights reserved | Copyright (c) 2019 Cloudflare. All rights reserved
core,github.com/cloudflare/circl/math,BSD-3-Clause,Copyright (c) 2009 The Go Authors. All rights reserved | Copyright (c) 2019 Cloudflare. All rights reserved
core,github.com/cloudflare/circl/math/fp25519,BSD-3-Clause,Copyright (c) 2009 The Go Authors. All rights reserved | Copyright (c) 2019 Cloudflare. All rights reserved
core,github.com/cloudflare/circl/math/fp448,BSD-3-Clause,Copyright (c) 2009 The Go Authors. All rights reserved | Copyright (c) 2019 Cloudflare. All rights reserved
core,github.com/cloudflare/circl/math/mlsbset,BSD-3-Clause,Copyright (c) 2009 The Go Authors. All rights reserved | Copyright (c) 2019 Cloudflare. All rights reserved
core,github.com/cloudflare/circl/sign,BSD-3-Clause,Copyright (c) 2009 The Go Authors. All rights reserved | Copyright (c) 2019 Cloudflare. All rights reserved
core,github.com/cloudflare/circl/sign/ed25519,BSD-3-Clause,Copyright (c) 2009 The Go Authors. All rights reserved | Copyright (c) 2019 Cloudflare. All rights reserved
core,github.com/cloudflare/circl/sign/ed448,BSD-3-Clause,Copyright (c) 2009 The Go Authors. All rights reserved | Copyright (c) 2019 Cloudflare. All rights reserved
core,github.com/cpuguy83/go-md2man/v2/md2man,MIT,Copyright (c) 2014 Brian Goff
core,github.com/cyphar/filepath-securejoin,BSD-3-Clause,Copyright (C) 2014-2015 Docker Inc & Go Authors. All rights reserved | Copyright (C) 2017-2024 SUSE LLC. All rights reserved
core,github.com/emirpasic/gods/containers,BSD-2-Clause,"Copyright (c) 2015, Emir Pasic | Copyright (c) 2017 Benjamin Scher Purcell <benjapurcell@gmail.com>"
core,github.com/emirpasic/gods/lists,BSD-2-Clause,"Copyright (c) 2015, Emir Pasic | Copyright (c) 2017 Benjamin Scher Purcell <benjapurcell@gmail.com>"
core,github.com/emirpasic/gods/lists/arraylist,BSD-2-Clause,"Copyright (c) 2015, Emir Pasic | Copyright (c) 2017 Benjamin Scher Purcell <benjapurcell@gmail.com>"
core,github.com/emirpasic/gods/trees,BSD-2-Clause,"Copyright (c) 2015, Emir Pasic | Copyright (c) 2017 Benjamin Scher Purcell <benjapurcell@gmail.com>"
core,github.com/emirpasic/gods/trees/binaryheap,BSD-2-Clause,"Copyright (c) 2015, Emir Pasic | Copyright (c) 2017 Benjamin Scher Purcell <benjapurcell@gmail.com>"
core,github.com/emirpasic/gods/utils,BSD-2-Clause,"Copyright (c) 2015, Emir Pasic | Copyright (c) 2017 Benjamin Scher Purcell <benjapurcell@gmail.com>"
core,github.com/gkampitakis/ciinfo,MIT,Copyright (c) 2021 Georgios Kampitakis
core,github.com/gkampitakis/go-diff/diffmatchpatch,MIT,Copyright (c) 2012-2016 The go-diff Authors. All rights reserved | Danny Yoo <dannyyoo@google.com> | James Kolb <jkolb@google.com> | Jonathan Amsterdam <jba@google.com> | Markus Zimmermann <markus.zimmermann@nethead.at> <markus.zimmermann@symflower.com> <zimmski@gmail.com> | Matt Kovars <akaskik@gmail.com> | Osman Masood <oamasood@gmail.com> | Robert Carlsen <rwcarlsen@gmail.com> | Rory Flynn <roryflynn@users.noreply.github.com> | Sergi Mansilla <sergi.mansilla@gmail.com> | Shatrugna Sadhu <ssadhu@apcera.com> | Shawn Smith <shawnpsmith@gmail.com> | Stas Maksimov <maksimov@gmail.com> | Tor Arvid Lund <torarvid@gmail.com> | Zac Bergquist <zbergquist99@gmail.com> | Örjan Persson <orjan@spotify.com>
core,github.com/gkampitakis/go-snaps/internal/colors,MIT,Copyright (c) 2021 Georgios Kampitakis
core,github.com/gkampitakis/go-snaps/internal/difflib,MIT,Copyright (c) 2021 Georgios Kampitakis
core,github.com/gkampitakis/go-snaps/match,MIT,Copyright (c) 2021 Georgios Kampitakis
core,github.com/gkampitakis/go-snaps/match/internal/yaml,MIT,Copyright (c) 2021 Georgios Kampitakis
core,github.com/gkampitakis/go-snaps/snaps,MIT,Copyright (c) 2021 Georgios Kampitakis
core,github.com/go-git/gcfg,BSD-3-Clause,Copyright (c) 2012 Péter Surányi. Portions Copyright (c) 2009 The Go
core,github.com/go-git/gcfg/scanner,BSD-3-Clause,Copyright (c) 2012 Péter Surányi. Portions Copyright (c) 2009 The Go
core,github.com/go-git/gcfg/token,BSD-3-Clause,Copyright (c) 2012 Péter Surányi. Portions Copyright (c) 2009 The Go
core,github.com/go-git/gcfg/types,BSD-3-Clause,Copyright (c) 2012 Péter Surányi. Portions Copyright (c) 2009 The Go
core,github.com/go-git/go-billy/v5,Apache-2.0,Copyright 2017 Sourced Technologies S.L
core,github.com/go-git/go-billy/v5/helper/chroot,Apache-2.0,Copyright 2017 Sourced Technologies S.L
core,github.com/go-git/go-billy/v5/helper/polyfill,Apache-2.0,Copyright 2017 Sourced Technologies S.L
core,github.com/go-git/go-billy/v5/memfs,Apache-2.0,Copyright 2017 Sourced Technologies S.L
core,github.com/go-git/go-billy/v5/osfs,Apache-2.0,Copyright 2017 Sourced Technologies S.L
core,github.com/go-git/go-billy/v5/util,Apache-2.0,Copyright 2017 Sourced Technologies S.L
core,github.com/go-git/go-git/v5,Apache-2.0,"Copyright 2018 Sourced Technologies, S.L"
core,github.com/go-git/go-git/v5/config,Apache-2.0,"Copyright 2018 Sourced Technologies, S.L"
core,github.com/go-git/go-git/v5/internal/path_util,Apache-2.0,"Copyright 2018 Sourced Technologies, S.L"
core,github.com/go-git/go-git/v5/internal/revision,Apache-2.0,"Copyright 2018 Sourced Technologies, S.L"
core,github.com/go-git/go-git/v5/internal/url,Apache-2.0,"Copyright 2018 Sourced Technologies, S.L"
core,github.com/go-git/go-git/v5/plumbing,Apache-2.0,"Copyright 2018 Sourced Technologies, S.L"
core,github.com/go-git/go-git/v5/plumbing/cache,Apache-2.0,"Copyright 2018 Sourced Technologies, S.L"
core,github.com/go-git/go-git/v5/plumbing/color,Apache-2.0,"Copyright 2018 Sourced Technologies, S.L"
core,github.com/go-git/go-git/v5/plumbing/filemode,Apache-2.0,"Copyright 2018 Sourced Technologies, S.L"
core,github.com/go-git/go-git/v5/plumbing/format/config,Apache-2.0,"Copyright 2018 Sourced Technologies, S.L"
core,github.com/go-git/go-git/v5/plumbing/format/diff,Apache-2.0,"Copyright 2018 Sourced Technologies, S.L"
core,github.com/go-git/go-git/v5/plumbing/format/gitignore,Apache-2.0,"Copyright 2018 Sourced Technologies, S.L"
core,github.com/go-git/go-git/v5/plumbing/format/idxfile,Apache-2.0,"Copyright 2018 Sourced Technologies, S.L"
core,github.com/go-git/go-git/v5/plumbing/format/index,Apache-2.0,"Copyright 2018 Sourced Technologies, S.L"
core,github.com/go-git/go-git/v5/plumbing/format/objfile,Apache-2.0,"Copyright 2018 Sourced Technologies, S.L"
core,github.com/go-git/go-git/v5/plumbing/format/packfile,Apache-2.0,"Copyright 2018 Sourced Technologies, S.L"
core,github.com/go-git/go-git/v5/plumbing/format/pktline,Apache-2.0,"Copyright 2018 Sourced Technologies, S.L"
core,github.com/go-git/go-git/v5/plumbing/hash,Apache-2.0,"Copyright 2018 Sourced Technologies, S.L"
core,github.com/go-git/go-git/v5/plumbing/object,Apache-2.0,"Copyright 2018 Sourced Technologies, S.L"
core,github.com/go-git/go-git/v5/plumbing/protocol/packp,Apache-2.0,"Copyright 2018 Sourced Technologies, S.L"
core,github.com/go-git/go-git/v5/plumbing/protocol/packp/capability,Apache-2.0,"Copyright 2018 Sourced Technologies, S.L"
core,github.com/go-git/go-git/v5/plumbing/protocol/packp/sideband,Apache-2.0,"Copyright 2018 Sourced Technologies, S.L"
core,github.com/go-git/go-git/v5/plumbing/revlist,Apache-2.0,"Copyright 2018 Sourced Technologies, S.L"
core,github.com/go-git/go-git/v5/plumbing/storer,Apache-2.0,"Copyright 2018 Sourced Technologies, S.L"
core,github.com/go-git/go-git/v5/plumbing/transport,Apache-2.0,"Copyright 2018 Sourced Technologies, S.L"
core,github.com/go-git/go-git/v5/plumbing/transport/client,Apache-2.0,"Copyright 2018 Sourced Technologies, S.L"
core,github.com/go-git/go-git/v5/plumbing/transport/file,Apache-2.0,"Copyright 2018 Sourced Technologies, S.L"
core,github.com/go-git/go-git/v5/plumbing/transport/git,Apache-2.0,"Copyright 2018 Sourced Technologies, S.L"
core,github.com/go-git/go-git/v5/plumbing/transport/http,Apache-2.0,"Copyright 2018 Sourced Technologies, S.L"
core,github.com/go-git/go-git/v5/plumbing/transport/internal/common,Apache-2.0,"Copyright 2018 Sourced Technologies, S.L"
core,github.com/go-git/go-git/v5/plumbing/transport/server,Apache-2.0,"Copyright 2018 Sourced Technologies, S.L"
core,github.com/go-git/go-git/v5/plumbing/transport/ssh,Apache-2.0,"Copyright 2018 Sourced Technologies, S.L"
core,github.com/go-git/go-git/v5/storage,Apache-2.0,"Copyright 2018 Sourced Technologies, S.L"
core,github.com/go-git/go-git/v5/storage/filesystem,Apache-2.0,"Copyright 2018 Sourced Technologies, S.L"
core,github.com/go-git/go-git/v5/storage/filesystem/dotgit,Apache-2.0,"Copyright 2018 Sourced Technologies, S.L"
core,github.com/go-git/go-git/v5/storage/memory,Apache-2.0,"Copyright 2018 Sourced Technologies, S.L"
core,github.com/go-git/go-git/v5/utils/binary,Apache-2.0,"Copyright 2018 Sourced Technologies, S.L"
core,github.com/go-git/go-git/v5/utils/diff,Apache-2.0,"Copyright 2018 Sourced Technologies, S.L"
core,github.com/go-git/go-git/v5/utils/ioutil,Apache-2.0,"Copyright 2018 Sourced Technologies, S.L"
core,github.com/go-git/go-git/v5/utils/merkletrie,Apache-2.0,"Copyright 2018 Sourced Technologies, S.L"
core,github.com/go-git/go-git/v5/utils/merkletrie/filesystem,Apache-2.0,"Copyright 2018 Sourced Technologies, S.L"
core,github.com/go-git/go-git/v5/utils/merkletrie/index,Apache-2.0,"Copyright 2018 Sourced Technologies, S.L"
core,github.com/go-git/go-git/v5/utils/merkletrie/internal/frame,Apache-2.0,"Copyright 2018 Sourced Technologies, S.L"
core,github.com/go-git/go-git/v5/utils/merkletrie/noder,Apache-2.0,"Copyright 2018 Sourced Technologies, S.L"
core,github.com/go-git/go-git/v5/utils/sync,Apache-2.0,"Copyright 2018 Sourced Technologies, S.L"
core,github.com/go-git/go-git/v5/utils/trace,Apache-2.0,"Copyright 2018 Sourced Technologies, S.L"
core,github.com/goccy/go-yaml,MIT,Copyright (c) 2019 Masaaki Goshima
core,github.com/goccy/go-yaml/ast,MIT,Copyright (c) 2019 Masaaki Goshima
core,github.com/goccy/go-yaml/internal/errors,MIT,Copyright (c) 2019 Masaaki Goshima
core,github.com/goccy/go-yaml/lexer,MIT,Copyright (c) 2019 Masaaki Goshima
core,github.com/goccy/go-yaml/parser,MIT,Copyright (c) 2019 Masaaki Goshima
core,github.com/goccy/go-yaml/printer,MIT,Copyright (c) 2019 Masaaki Goshima
core,github.com/goccy/go-yaml/scanner,MIT,Copyright (c) 2019 Masaaki Goshima
core,github.com/goccy/go-yaml/token,MIT,Copyright (c) 2019 Masaaki Goshima
core,github.com/golang/groupcache/lru,Apache-2.0,Copyright (c) 2009 The Go Authors. All rights reserved.
core,github.com/google/go-cmp/cmp,BSD-3-Clause,Copyright (c) 2017 The Go Authors. All rights reserved.
core,github.com/google/go-cmp/cmp/cmpopts,BSD-3-Clause,Copyright (c) 2017 The Go Authors. All rights reserved.
core,github.com/google/go-cmp/cmp/internal/diff,BSD-3-Clause,Copyright (c) 2017 The Go Authors. All rights reserved.
core,github.com/google/go-cmp/cmp/internal/flags,BSD-3-Clause,Copyright (c) 2017 The Go Authors. All rights reserved.
core,github.com/google/go-cmp/cmp/internal/function,BSD-3-Clause,Copyright (c) 2017 The Go Authors. All rights reserved.
core,github.com/google/go-cmp/cmp/internal/value,BSD-3-Clause,Copyright (c) 2017 The Go Authors. All rights reserved.
core,github.com/jbenet/go-context/io,MIT,Copyright (c) 2014 Juan Batiz-Benet
core,github.com/jedib0t/go-pretty/v6/table,MIT,Copyright (c) 2018 jedib0t
core,github.com/jedib0t/go-pretty/v6/text,MIT,Copyright (c) 2018 jedib0t
core,github.com/kevinburke/ssh_config,MIT,"Copyright (c) 2013 - 2017 Thomas Pelletier, Eric Anderton | Copyright (c) 2017 Kevin Burke"
core,github.com/kr/pretty,MIT,Copyright 2012 Keith Rarick
core,github.com/kr/text,MIT,Copyright 2012 Keith Rarick
core,github.com/maruel/natural,Apache-2.0,Copyright 2018 Marc-Antoine Ruel
core,github.com/mattn/go-pointer,MIT,Copyright (c) 2019 Yasuhiro Matsumoto
core,github.com/mattn/go-runewidth,MIT,Copyright (c) 2016 Yasuhiro Matsumoto
core,github.com/package-url/packageurl-go,MIT,Copyright (c) the purl authors
core,github.com/pjbgf/sha1cd,Apache-2.0,"Copyright 2009 The Go Authors. All rights reserved. | Copyright 2017 Marc Stevens <marc@marc-stevens.nl>, Dan Shumow <danshu@microsoft.com> | Copyright 2022 Paulo Gomes <pjbgf@linux.com>"
core,github.com/pjbgf/sha1cd/internal,Apache-2.0,"Copyright 2009 The Go Authors. All rights reserved. | Copyright 2017 Marc Stevens <marc@marc-stevens.nl>, Dan Shumow <danshu@microsoft.com> | Copyright 2022 Paulo Gomes <pjbgf@linux.com>"
core,github.com/pjbgf/sha1cd/ubc,Apache-2.0,"Copyright 2009 The Go Authors. All rights reserved. | Copyright 2017 Marc Stevens <marc@marc-stevens.nl>, Dan Shumow <danshu@microsoft.com> | Copyright 2022 Paulo Gomes <pjbgf@linux.com>"
core,github.com/rivo/uniseg,MIT,Copyright (c) 2019 Oliver Kuederle
core,github.com/rogpeppe/go-internal/fmtsort,BSD-3-Clause,Copyright (c) 2018 The Go Authors. All rights reserved
core,github.com/russross/blackfriday/v2,BSD-2-Clause,Copyright © 2011 Russ Ross
core,github.com/sergi/go-diff/diffmatchpatch,MIT,Copyright (c) 2012-2016 The go-diff Authors. All rights reserved | Danny Yoo <dannyyoo@google.com> | James Kolb <jkolb@google.com> | Jonathan Amsterdam <jba@google.com> | Markus Zimmermann <markus.zimmermann@nethead.at> <markus.zimmermann@symflower.com> <zimmski@gmail.com> | Matt Kovars <akaskik@gmail.com> | Osman Masood <oamasood@gmail.com> | Robert Carlsen <rwcarlsen@gmail.com> | Rory Flynn <roryflynn@users.noreply.github.com> | Sergi Mansilla <sergi.mansilla@gmail.com> | Shatrugna Sadhu <ssadhu@apcera.com> | Shawn Smith <shawnpsmith@gmail.com> | Stas Maksimov <maksimov@gmail.com> | Tor Arvid Lund <torarvid@gmail.com> | Zac Bergquist <zbergquist99@gmail.com> | Örjan Persson <orjan@spotify.com>
core,github.com/skeema/knownhosts,Apache-2.0,Copyright 2025 Skeema LLC and the Skeema Knownhosts authors | copyright 2025 Skeema LLC and the Skeema Knownhosts authors**
core,github.com/tidwall/gjson,MIT,Copyright (c) 2016 Josh Baker
core,github.com/tidwall/jsonc,MIT,Copyright (c) 2021 Josh Baker
core,github.com/tidwall/match,MIT,Copyright (c) 2016 Josh Baker
core,github.com/tidwall/pretty,MIT,Copyright (c) 2017 Josh Baker
core,github.com/tidwall/sjson,MIT,Copyright (c) 2016 Josh Baker
core,github.com/tree-sitter/go-tree-sitter,MIT,Copyright (c) 2024 Amaan Qureshi <amaanq12@gmail.com>
core,github.com/tree-sitter/tree-sitter-go/bindings/go,MIT,Copyright (c) 2014 Max Brunsfeld
core,github.com/tree-sitter/tree-sitter-java/bindings/go,MIT,Copyright (c) 2017 Ayman Nadeem
core,github.com/tree-sitter/tree-sitter-javascript/bindings/go,MIT,Copyright (c) 2014 Max Brunsfeld
core,github.com/tree-sitter/tree-sitter-ruby/bindings/go,MIT,Copyright (c) 2016 Rob Rix
core,github.com/tree-sitter/tree-sitter-typescript/bindings/go,MIT,Copyright (c) 2017 Max Brunsfeld
core,github.com/urfave/cli/v2,MIT,Copyright (c) 2022 urfave/cli maintainers
core,github.com/xanzy/ssh-agent,Apache-2.0,"Copyright (c) 2014 David Mzareulyan | Copyright 2015, Sander van Harmelen"
core,github.com/xrash/smetrics,MIT,Copyright (C) 2016 Felipe da Cunha Gonçalves
core,go.uber.org/mock/gomock,Apache-2.0,Alex Reece <awreece@gmail.com> | Google Inc.
core,golang.org/x/crypto/argon2,BSD-3-Clause,Copyright 2009 The Go Authors
core,golang.org/x/crypto/blake2b,BSD-3-Clause,Copyright 2009 The Go Authors
core,golang.org/x/crypto/blowfish,BSD-3-Clause,Copyright 2009 The Go Authors
core,golang.org/x/crypto/cast5,BSD-3-Clause,Copyright 2009 The Go Authors
core,golang.org/x/crypto/chacha20,BSD-3-Clause,Copyright 2009 The Go Authors
core,golang.org/x/crypto/cryptobyte,BSD-3-Clause,Copyright 2009 The Go Authors
core,golang.org/x/crypto/cryptobyte/asn1,BSD-3-Clause,Copyright 2009 The Go Authors
core,golang.org/x/crypto/curve25519,BSD-3-Clause,Copyright 2009 The Go Authors
core,golang.org/x/crypto/hkdf,BSD-3-Clause,Copyright 2009 The Go Authors
core,golang.org/x/crypto/internal/alias,BSD-3-Clause,Copyright 2009 The Go Authors
core,golang.org/x/crypto/internal/poly1305,BSD-3-Clause,Copyright 2009 The Go Authors
core,golang.org/x/crypto/sha3,BSD-3-Clause,Copyright 2009 The Go Authors
core,golang.org/x/crypto/ssh,BSD-3-Clause,Copyright 2009 The Go Authors
core,golang.org/x/crypto/ssh/agent,BSD-3-Clause,Copyright 2009 The Go Authors
core,golang.org/x/crypto/ssh/internal/bcrypt_pbkdf,BSD-3-Clause,Copyright 2009 The Go Authors
core,golang.org/x/crypto/ssh/knownhosts,BSD-3-Clause,Copyright 2009 The Go Authors
core,golang.org/x/net/context,BSD-3-Clause,Copyright 2009 The Go Authors
core,golang.org/x/net/internal/socks,BSD-3-Clause,Copyright 2009 The Go Authors
core,golang.org/x/net/proxy,BSD-3-Clause,Copyright 2009 The Go Authors
core,golang.org/x/sync/errgroup,BSD-3-Clause,Copyright 2009 The Go Authors
core,golang.org/x/sys/cpu,BSD-3-Clause,Copyright 2009 The Go Authors
core,golang.org/x/sys/execabs,BSD-3-Clause,Copyright 2009 The Go Authors
core,golang.org/x/sys/unix,BSD-3-Clause,Copyright 2009 The Go Authors
core,golang.org/x/sys/windows,BSD-3-Clause,Copyright 2009 The Go Authors
core,golang.org/x/text/encoding,BSD-3-Clause,Copyright 2009 The Go Authors
core,golang.org/x/text/encoding/internal,BSD-3-Clause,Copyright 2009 The Go Authors
core,golang.org/x/text/encoding/internal/identifier,BSD-3-Clause,Copyright 2009 The Go Authors
core,golang.org/x/text/encoding/unicode,BSD-3-Clause,Copyright 2009 The Go Authors
core,golang.org/x/text/internal/utf8internal,BSD-3-Clause,Copyright 2009 The Go Authors
core,golang.org/x/text/runes,BSD-3-Clause,Copyright 2009 The Go Authors
core,golang.org/x/text/transform,BSD-3-Clause,Copyright 2009 The Go Authors
core,golang.org/x/text/width,BSD-3-Clause,Copyright 2009 The Go Authors
core,golang/go,BSD-3-Clause,Copyright (c) 2009 The Go Authors. All rights reserved.
core,gopkg.in/warnings.v0,BSD-2-Clause,Copyright (c) 2016 Péter Surányi
core,gopkg.in/yaml.v3,MIT,Copyright (c) 2006-2010 Kirill Simonov | Copyright 2011-2016 Canonical Ltd
